Text,Timestamp
"ùïè usage hit another all-time high yesterday with 417 billion user-seconds globally!

In the US, user-seconds reached 93B, 23% higher than the previous record of 76B.

In a single day.",2024-07-15T18:59:28.000Z
More than double the power of the Saturn V moon rocket!,2024-07-15T20:01:52.000Z
Full duration static fire of Flight 5 Super Heavy booster,2024-07-15T18:48:47.000Z
"‚Äì‚Äì‚Äì‚Äì‚Äì‚Äì‚Äì
TRUMP
VANCE
‚Äì‚Äì‚Äì‚Äì‚Äì‚Äì‚Äì

Resounds with victory",2024-07-15T19:30:35.000Z
The legacy media misled the public,2024-07-15T19:02:00.000Z
"WSJ management needs to clean house over there. 

If there is any news organization on Earth that should be unabashedly pro capitalism, it is the WALL STREET Journal, for goodness sake!

It‚Äôs literally in the name lmao.",2024-07-15T16:20:40.000Z
"I tried using both ùïè and legacy media this weekend, but legacy media was so far behind and wrong that it was pointless. 

When something is wrong on ùïè, it is corrected very fast, but it stays wrong for hours to days on legacy media.",2024-07-15T16:02:57.000Z
"Could be a man or a woman, to be clear, just needs to be large enough to do the job. Someone like Brienne of Tarth would be fine.",2024-07-15T15:38:58.000Z
Interesting thread,2024-07-15T15:07:59.000Z
ONE HUNDRED PERCENT,2024-07-15T03:02:07.000Z
The best ‚Äúreporters‚Äù are actual experts in a subject or those actually at the scene,2024-07-15T02:18:49.000Z
"It's not a Robotaxi. It just does exactly what a Robotaxi would do, today, under your supervision.

But it will definitely never be a Robotaxi. That's clearly impossible.

Watch in 4K: https://youtu.be/o0CkW0-OcpE
Raw 1x footage: https://youtu.be/KSEc-jXfyFg",2024-07-14T16:43:03.000Z
"If everyone actually votes this November then this is what the country will look like.

‚ÄúLiking‚Äù a post doesn‚Äôt count as a vote. 

President Trump needs all of us to actually get up and vote.",2024-07-14T22:51:58.000Z
The legacy media is a pure propaganda machine. ùïè is the voice of the people.,2024-07-14T22:19:58.000Z
"The New York Times just published this about Trump today. 

They are truly callous and despicable human beings. Not a shred of empathy.",2024-07-14T21:39:53.000Z
"The people of America want to know the truth. More people are downloading the ùïè app.

ùïè is now the #1 news app in the US, leading both the 'free' and 'grossing' categories (AppStore).",2024-07-14T19:14:00.000Z
I was the Sniper Employment Officer for my battalion and led hundreds of combat missions. There were major security lapses in the security plan that allowed a shooter to engage President Trump from ~130 meters - an easy shot. A ,2024-07-14T02:59:02.000Z
"I have extremely high respect for people that are willing to change their minds as new data comes in

Huge respect for 
@BillAckman",2024-07-14T02:11:54.000Z
"Extreme incompetence or it was deliberate. Either way, the SS leadership must resign.",2024-07-14T01:22:52.000Z
"‚ÄúMost importantly, I want to extend my condolences to the family of the person at the Rally who was killed, and also to the family of another person that was badly injured‚Äù ",2024-07-14T00:58:06.000Z
Legalize noticing!,2024-07-14T00:32:34.000Z
"I always thought Trump was a vapid showman 

Impressive to see the dog in him 

Changes everything",2024-07-13T23:14:36.000Z
Exactly,2024-07-14T01:00:48.000Z
The head of the Secret Service and the leader of this security detail should resign,2024-07-14T00:11:48.000Z
The Reid Hoffman‚Äôs of the world got their dearest wish ‚Ä¶ but then the martyr lived,2024-07-14T00:01:31.000Z
I fully endorse President Trump and hope for his rapid recovery,2024-07-13T22:51:28.000Z
"Everyone can be a citizen journalist.

You just need a mobile, internet connectivity and ùïè app.",2024-07-13T17:34:18.000Z
It is the first rocket booster & spaceship design capable of doing so,2024-07-13T17:27:05.000Z
Starlink making progress in Japan,2024-07-13T17:04:02.000Z
Fidias is right. Super important decision.,2024-07-13T12:29:36.000Z
Congrats!,2024-07-13T06:07:17.000Z
"‚ÄúStarship is the kind of thing that makes people from little kids to seniors excited about the future.‚Äù

‚Äî Elon Musk",2024-07-13T05:35:09.000Z
"Ark Warns of Ticking Time Bomb: ROBOTAXIS 

(it's not what you think!)

$TSLA",2024-07-13T05:21:31.000Z
As to make life multiplanetary and explore the stars,2024-07-13T03:54:50.000Z
"ASIMOV'S FOUNDATION: THE BLUEPRINT FOR ELON'S SPACE REVOLUTION

1/5 INSPIRATION

Elon recently credited Asimov's Foundation series as his inspiration for ""making life/consciousness multiplanetary."" 

Let's explore how this sci-fi epic shaped Musk's vision for humanity's future",2024-07-13T04:28:31.000Z
Accurate,2024-07-13T02:35:27.000Z
"We were told AI doom would be a paper clip maximizer, but it‚Äôs actually going to be Strawberry Fields Forever ",2024-07-13T00:43:08.000Z
Epic sideburns,2024-07-12T19:48:26.000Z
"Where we are in the sci-fi movie timeline

[ danmeth. com]",2024-07-12T16:42:25.000Z
"We look forward to a very public battle in court, so that the people of Europe can know the truth",2024-07-12T16:49:28.000Z
"The European Commission offered ùïè an illegal secret deal: if we quietly censored speech without telling anyone, they would not fine us. 

The other platforms accepted that deal. 

ùïè did not.",2024-07-12T15:22:59.000Z
The legacy media is a propaganda machine,2024-07-12T14:38:14.000Z
"New Tesla Model 3 version available in America. 

363 miles of range for $35k!",2024-07-12T14:23:44.000Z
Training on real-world data from millions of Tesla vehicles makes a big difference,2024-07-11T19:27:03.000Z
"Last night, the Powerwall fleet in California delivered more than 100MW to the grid during a Virtual Power Plant event, reducing the need for fossil-fueled peaking plants",2024-07-11T17:41:28.000Z
"BREAKING: Tesla has introduced the Model 3 Long Range RWD in the US!

‚Ä¢ Starting price: $42,490 ($34,990 including Fed EV credit)
‚Ä¢ EPA range: 363 miles
‚Ä¢ 0-60mph: 4.9s",2024-07-12T00:35:44.000Z
Starlink Mini,2024-07-11T17:25:14.000Z
True,2024-07-11T15:27:43.000Z
"Having seen the evidence unearthed today by Congress, ùïè has no choice but to file suit against the perpetrators and collaborators in the advertising boycott racket. 

Hopefully, some states will consider criminal prosecution.",2024-07-11T11:22:02.000Z
"Improved version of 
@Neuralink
 update",2024-07-11T10:40:04.000Z
"There is a tiny chance this will pass the senate if a few Dems cross party lines, but Biden said he would veto the bill even it did. 

I wonder why? ",2024-07-11T09:20:06.000Z
"Asimov‚Äôs Foundation series was part of the inspiration for making life/consciousness multiplanetary.

Being multiplanetary greatly extends the probable lifespan of civilization.

We must build Terminus.",2024-07-11T09:13:04.000Z
Maybe this applies to real-life too ,2024-07-11T08:54:00.000Z
When ur way underleveled for video game boss fight,2024-07-11T08:40:41.000Z
"NEWS: 
@SpaceX
 has launched Starlink Mini roam in the U.S., which means you can buy Starlink Mini on its own & connect to highspeed internet anywhere with a dish the size of an iPad.

Info: 
‚Ä¢ $50 per month
‚Ä¢ 50GB/mo of Mobile data with portable or in-motion use
‚Ä¢ 50GB = 20+",2024-07-11T05:09:29.000Z
The New York Times specializes in tediously misleading propaganda,2024-07-10T23:46:03.000Z
Neuralink update!,2024-07-10T18:53:20.000Z
Grok fun mode news is awesome ,2024-07-10T17:09:52.000Z
And there's more,2024-07-10T16:00:02.000Z
The simulation is sending us a message ,2024-07-10T15:54:59.000Z
Extremely concerning!,2024-07-10T14:49:54.000Z
"To make up for this heinous crime, I will refrain from having omelette for a week",2024-07-10T04:03:39.000Z
"Here‚Äôs the official Texas voter registration form for federal elections.

Nowhere in the form does one have to prove that they‚Äôre a citizen - all they have to do is click ‚ÄòYes‚Äô.

Why is the most important part of democracy - voting - not bulletproof?",2024-07-09T16:44:28.000Z
362 billion user-seconds per day!,2024-07-09T16:20:26.000Z
Great idea,2024-07-09T16:04:43.000Z
"This should be a requirement. If Argentina can do it, so can America!",2024-07-09T15:36:31.000Z
Crazy waste of taxpayer money with nothing to show for it!,2024-07-09T15:27:35.000Z
2000 charging stalls in Norway! ,2024-07-09T10:28:27.000Z
Falcon 9‚Äôs first stage has landed on the Just Read the Instructions droneship,2024-07-08T23:40:40.000Z
"Falcon 9 launches the 
@Turksat
 6A mission to orbit from Florida",2024-07-09T01:43:11.000Z
"This is an excellent way to assess someone‚Äôs rationality.

Another way is to ask them to assign a probability to their argument being true vs false. Anyone who says anywhere close to 100% for a matter where there is subjectivity is full of .",2024-07-09T06:56:49.000Z
"Biden let in millions of illegal aliens

Now he‚Äôs opposing the SAVE Act, which would prevent noncitizens from voting in federal elections 

Tell your members of Congress: pass the SAVE Act!",2024-07-09T03:45:42.000Z
Tesla has a Semi ,2024-07-08T23:22:12.000Z
"To counter the big pharma-funded-FUD on MDMA therapy, experts from the VA and 15 universities who actually know something about the topic have just responded. Based on all of the data and the science, they recommend FDA approval on August 11.
   https://scientiststatementonptsd.com",2024-07-08T18:19:38.000Z
Wow,2024-07-08T21:07:07.000Z
Great idea!!,2024-07-08T18:18:32.000Z
"Arizona requires proof of citizenship to vote in state elections, but explicitly does not for federal elections. This is messed up.",2024-07-08T18:17:18.000Z
The goal all along has been to import as many illegal voters as possible,2024-07-08T18:01:57.000Z
"SPEAKER JOHNSON: PASS THE SAVE ACT TO PROTECT OUR ELECTIONS

""The SAVE Act will safeguard our elections by ensuring only American citizens vote in federal elections. Here‚Äôs what the legislation does:

- Requires state election officials to ask about citizenship before",2024-07-06T10:24:51.000Z
"Holy sh*t. The Biden administration just came out against the SAVE Act, a bill to ensure that illegal aliens can't vote.",2024-07-08T16:52:44.000Z
‚Ä¶,2024-07-08T17:15:10.000Z
Government spending is bankrupting America,2024-07-08T12:29:13.000Z
I highly recommend that everyone enable Fun Mode for Grok stories. It truly makes the news much more fun.,2024-07-08T12:21:08.000Z
I agree!,2024-07-07T18:03:12.000Z
FSD Supervised can navigate complex city traffic,2024-07-07T12:34:31.000Z
"People laugh at me, till they find out what my Cybertruck can really do",2024-07-06T06:40:50.000Z
"Why Political Advertisers should choose ùïè?

‚Ä¢ ~250 million people use ùïè every day. ~600 million people visit the global town square every month.

‚Ä¢ This year, ùïè had 1,000 likes per second, 5 million impressions per minute, and more than 9 billion total engagements on posts",2024-07-06T14:52:35.000Z
Flight 5 in 4 weeks,2024-07-06T00:20:02.000Z
"Wise words from 
@AriEmanuel",2024-07-06T00:10:08.000Z
Good one sigh,2024-07-06T00:08:19.000Z
"When is there not one ‚Äì just one ‚Äì even *attempted* prosecution of that Epstein (Bill Gates & Reid Hoffman come to mind)
client list. 

Either FBI does their duty or the case for an entire departmental reset or abolishment is strong.",2024-07-06T00:04:41.000Z
"Those who oppose this are traitors.

All Caps: TRAITORS

What is the penalty for traitors again?",2024-07-05T23:53:05.000Z
"The legacy media are just propaganda puppets.

ùïè has the truth.",2024-07-05T15:44:07.000Z
 AMERICA  ,2024-07-05T05:03:26.000Z
"Peter Thiel on Elon Musk 

‚ÄúYou know, when Elon was building both Tesla and SpaceX in the 2000s, people thought he was just really, really crazy. I think even those of us who had worked with him at PayPal, I mean, there‚Äôs this PayPal book that David Sacks and I thought of",2024-07-05T00:58:45.000Z
Tesla Gigafactory Supercomputer Cluster,2024-07-05T03:44:35.000Z
 Happy Independence Day! ,2024-07-04T17:37:57.000Z
"Happy 4th 

 
@JustonBrazda",2024-07-04T16:17:02.000Z
Yeah!!,2024-07-04T11:53:36.000Z
"The most American-made cars are S3XY

To honor those who have served our country, members of the US military + their spouses are eligible for the Tesla Military Purchase Program on a new Model S, 3, X or Y

‚Üí http://tesla.com/military-recognition‚Ä¶",2024-07-03T18:48:31.000Z
"Tesla Semi hauling a huge load with 2 Model Xs, Model S and Model 3. It‚Äôs great to see Teslas vertical integration.",2024-07-03T21:05:49.000Z
"With over 100 Direct to Cell satellites now launched, and 100s more planned to be launched this year, excited to provide ubiquitous connectivity to our customers starting with 
@TMobile
 in the US this year!",2024-07-03T13:14:11.000Z
More satellites capable of providing Internet directly to mobile phones,2024-07-03T14:15:59.000Z
Fashion on X,2024-07-02T14:39:36.000Z
"how june started & how it‚Äôs going 

come  with us at xAI & ùïè if you like building & running the biggest computers in the world!

http://x.ai/careers
http://careers.x.com",2024-07-02T06:05:10.000Z
I can just keep watching it without getting tired:,2024-07-02T18:05:00.000Z
"""It's only me doing these posts on ùïè and I would recommend for leaders of the world to just literally post your own stuff""",2024-07-02T16:38:43.000Z
"True, although AI & robotics will save us
(probably)",2024-07-02T16:18:49.000Z
What you sometimes see in the night sky from the Cape in Florida and similar (just no Dragon) from southern California,2024-07-02T15:17:10.000Z
"Yeah, it‚Äôs awesome. Once you use Tesla Autopilot/FSD for commuting, you won‚Äôt use any other car.",2024-07-02T15:02:19.000Z
"In Q2, we produced approximately 411k vehicles & delivered approximately 444k vehicles.

Our Q2 Earnings Call will be streamed live on X on July 23 at 4:30pm CT 

‚Üí",2024-07-02T13:03:57.000Z
Join xAI to build maximum truth-seeking AI with the best sense of humor!,2024-07-02T14:51:13.000Z
"Amidst the stream of cars winding down Lombard St, only 1 vehicle stands out from the rest: my Cybertruck. This is the result of the daring innovation & unyielding vision to create something the world has never seen before by Elon & the Tesla team. It represents the power of",2024-07-01T18:18:00.000Z
Running ads is easy and getting easier,2024-07-01T14:10:36.000Z
Good idea,2024-07-01T13:04:09.000Z
"When will politicians, or at least the intern who runs their account, learn that lying on this platform doesn‚Äôt work anymore?",2024-07-01T13:03:22.000Z
"That almost the entire media repeated the same lie with the exact same words is disturbing. 

The legacy news is not merely fake, but also unoriginally fake!

If you want to know the truth, it‚Äôs on ùïè.",2024-07-01T12:46:52.000Z
"‚ÄúWe‚Äôre beginning to see the dawn of a new era of space exploration. But one that is driven by companies as much, if not more, than by government.‚Äù
Elon Musk in 2004",2024-07-01T06:10:28.000Z
Great Herzog moment,2024-07-01T05:56:23.000Z
"Other trucks look badass, Cybertruck actually is",2024-07-01T05:02:15.000Z
ùïè users can use this filter to search for posts from verified accounts. (iOS),2024-07-01T04:30:12.000Z
Gonna be a *lot* of robots in the future,2024-07-01T03:19:15.000Z
Would be lovely to see more accounts on ùïè simply posting beautiful content,2024-07-01T01:32:20.000Z
The law is violating the law,2024-06-30T20:48:47.000Z
"True, first time I‚Äôve seen Republicans & Democrats agree on something in a long time ",2024-06-30T19:10:23.000Z
Let‚Äôs make (good) sci-fi real!,2024-06-30T18:39:08.000Z
"Neuralink's First Patient Leaves Us Speechless.

Noland Arbaugh 
@ModdedQuad
, 
@neuralink
's first brain chip patient, joins us for an in-depth look into some truly mind blowing stuff (pun intended).

You do not want to miss this one.
@HansCNelson
 @elonmusk
 @chapman_bliss",2024-06-30T13:00:02.000Z
Thoughtful explanation of the Supreme Court‚Äôs recent decision regarding ambiguous regulatory authority,2024-06-30T15:10:22.000Z
Makes a good point about democracy,2024-06-30T09:17:48.000Z
Absolutely,2024-06-30T00:54:32.000Z
"First look at our next-gen X Ads Analytics.

We‚Äôve designed it to be snappy and super intuitive so businesses can view every key metric in a single glance.

Excited to roll it out soon.",2024-06-28T22:05:10.000Z
Unmodified picture of the Falcon launch,2024-06-29T04:58:53.000Z
"The CNN broadcast viewership vs. X:

CNN: 47.9 million views
       X: 242 million views

X got five times more views on the presidential debate than CNN despite being simulcast to 22 networks.

Let that sink in.",2024-06-28T20:41:24.000Z
"CHEVRON DOMINANCE

Technology is about to accelerate.
Because Chevron deference is over.
And regulators can't just make up laws anymore.
So, countless new startups just became feasible.
This is often spoken about in the abstract, so let's do three examples and two visuals.

THREE",2024-06-28T19:37:06.000Z
The CEO of Ford loves electric vehicles!,2024-06-28T18:53:50.000Z
Good thread,2024-06-28T18:52:30.000Z
Cool,2024-06-28T18:03:22.000Z
"The New York Times, one week apart:",2024-06-28T12:59:19.000Z
lol,2024-06-28T14:57:57.000Z
Truth is the first casualty in the war that is politics,2024-06-28T14:32:06.000Z
Send directions to your Tesla right from your phone,2024-06-27T18:55:58.000Z
30 years ago,2024-06-28T05:17:23.000Z
Worth watching,2024-06-27T22:30:29.000Z
Starlink now available in Madagascar!,2024-06-27T21:48:03.000Z
"Falcon 9 lands on the Just Read the Instructions droneship, completing the first 22nd launch and landing of a booster!",2024-06-27T11:23:40.000Z
"Watch Falcon 9 launch 23 
@Starlink
 satellites to orbit",2024-06-27T11:09:13.000Z
"ùïè users can now show jobs they are hiring for directly on their profile, it is not limited to organizations!",2024-06-27T10:33:15.000Z
Welcome to the future,2024-06-27T07:19:07.000Z
"How Generational Trauma Works?

Generational trauma gets carried through generations until someone is brave enough to face all the pain and clear out the pathway for the next generation.

biancamceruta",2024-06-26T22:05:04.000Z
"This morning, Nature published two papers on bridge editing, the new genome engineering technology from 
@ArcInstitute
: https://nature.com/articles/s41586-024-07552-4‚Ä¶, https://nature.com/articles/s41586-024-07570-2‚Ä¶. I'm quite excited about its potential!

Since the whole thing is pretty arcane, I fed the blog post",2024-06-26T16:06:48.000Z
Over 5 million pounds of thrust from 27 engines,2024-06-27T05:40:31.000Z
"Plus Power and 
@SRPconnect
 are adding more Megapacks to the Arizona grid - Sierra Estrella will be the largest standalone battery in Arizona and with Superstition the combined 340 MW / 1,360 MWh will help maintain reliable power during Arizona's hot summers",2024-06-26T22:32:16.000Z
"Just took a delivery of a Model 3 Performance. It's absurdly fast, so much better than my previous Model 3 with so many changes big and small. Most importantly, I'd go as far as saying it's too affordable for what it is - a premium sedan that's Porsche-fast.

The delivery",2024-06-26T23:14:55.000Z
Hawk ‚Ä¶,2024-06-26T17:07:07.000Z
"Liftoff!  Falcon Heavy launches the GOES-U satellite, furthering NASA and NOAA‚Äôs on-orbit weather forecasting capabilities",2024-06-25T21:41:55.000Z
New weather satellite delivered!,2024-06-26T03:00:17.000Z
"Falcon Heavy‚Äôs 10th mission launches 
@NOAA
‚Äôs GOES-U weather satellite to a geostationary orbit",2024-06-26T02:00:51.000Z
"The CEO of an aircraft company should know how to design aircraft, not spreadsheets",2024-06-25T16:44:57.000Z
"Part 2 of the Starship discussion with 
@Erdayastronaut",2024-06-25T14:08:56.000Z
"Teams completed the launch readiness review, and we are targeting Tuesday, June 25 for Falcon Heavy‚Äôs launch of 
@NASA
's GOES-U mission from pad 39A in Florida. Teams are keeping an eye on weather, which is 30% favorable for liftoff",2024-06-24T19:58:07.000Z
The trend is very strong that any AI company‚Äôs name that can be inverted will be inverted,2024-06-24T18:56:17.000Z
Here‚Äôs the #Spacex rocket flying over the beaches in San Diego.,2024-06-24T03:58:41.000Z
"ùïè Premium users can access Fun Mode for Grok News & Stories. It makes the news so much fun.

Settings ‚Üí Privacy & Safety ‚Üí Content you see ‚Üí Explore Settings ‚Üí Enable 'Show me funny grok stories'",2024-06-24T04:13:55.000Z
"Another ‚Äúconspiracy theory‚Äù turns out to be true. 

Strange that Arizona requires proof of citizenship for state, but not federal elections ",2024-06-23T13:46:52.000Z
"Exactly. 

A ‚Äúclass action‚Äù lawsuit, by definition, should represent the class, yet this one, and most others, do NOT, serving simply to enrich law firms at the expense of the people they falsely claim to represent.

The law should be changed to require at least 10% of the",2024-06-22T14:59:31.000Z
"¬°Starlink Mini ya est√° disponible en Colombia, Panam√°, El Salvador y Guatemala!

Haz tu pedido en l√≠nea en menos de 2 minutos ‚Üí http://starlink.com",2024-06-22T12:46:33.000Z
Interesting,2024-06-21T17:28:26.000Z
"New Tesla Center in Lake Elmo, MN  ‚Üí https://tesla.com/findus?v=2&search=Lake%20Elmo,%20MN%2055042,%20USA&bounds=44.99889153698986,-92.83360630791017,44.818716168557515,-92.98123509208986&zoom=12&filters=store,service,supercharger,destination%20charger,bodyshop,party,self%20serve%20demo%20drive,nacs,delivery%20centers&location=teslasaintpaulteslacenter‚Ä¶",2024-06-21T16:22:40.000Z
"All-In interviews 
@realDonaldTrump
!",2024-06-20T23:18:51.000Z
"Falcon 9‚Äôs first stage lands on Just Read the Instructions, completing our 250th droneship landing",2024-06-20T21:45:40.000Z
"Sizing for ~130MW of power & cooling this year, but will increase to >500MW over next 18 months or so. 

Aiming for about half Tesla AI hardware, half Nvidia/other.

Play to win or don‚Äôt play at all.",2024-06-20T17:56:19.000Z
Civilization may end with a bang or with a whimper (in adult diapers),2024-06-20T13:54:09.000Z
Any given AI startup is doomed to become the opposite of its name,2024-06-20T13:34:16.000Z
This platform is the number 1 source of news in the world!,2024-06-20T13:08:19.000Z
"Elon Musk Confronts Interviewer on Free Speech.

Here's an edit of 
@elonmusk
's conversation at Cannes Lions, covering advertising on X, free speech, and the future.

This edit boosts audio & saves time by ~30%. Thank you 
@DavidCarbutt_
 & team for the work!",2024-06-19T16:19:37.000Z
This government program is an outrageous waste of taxpayer money and is utterly failing to serve people in need,2024-06-19T15:42:50.000Z
Good summary of my talk,2024-06-19T13:13:05.000Z
"ùïè is the premier destination for marketers and advertisers to reach senior decision-makers and influential individuals who run countries and companies.

They aren't watching TV or making TikToks.",2024-06-19T11:12:37.000Z
"Falcon 9 delivers 20 
@Starlink
  satellites to orbit from California",2024-06-19T05:24:35.000Z
"MORGAN FREEMAN TO ELON: WHY MARS?
(AUG 2014)

Morgan: 

""What about Mars makes it even plausible?""
@elonmusk
 : 

""Mars is similar in a lot of ways to Earth. 

One could call it a fixer-upper of a planet. 

It is possible to establish life as we know it on Mars.

If you were",2024-06-18T15:06:41.000Z
Article about Tesla Powerwall 3,2024-06-18T14:49:01.000Z
"Publish your articles directly on this platform for greater reach. Your ùïè articles are also indexed by search engines.

via 
@nima_owji",2024-06-18T14:39:20.000Z
Powerwall 3 is now available in Germany  http://ts.la/Powerwall3Germany‚Ä¶,2024-06-18T06:39:28.000Z
Powerwall 3 is now available in the United Kingdom http://ts.la/Powerwall3UK,2024-06-18T06:30:37.000Z
"Tesla Megapacks massively increase electric power generation efficiency, as they can buffer power at night for use in the day, dramatically reducing the need to build new powerplants. 

It also allows for the least efficient power plants to be shut down!",2024-06-17T18:10:29.000Z
FSD Supervised makes parking easy,2024-06-17T17:30:02.000Z
The new Model 3 Long Range is an amazing car,2024-06-17T18:06:01.000Z
"Over half a billion of the most affluent, informed, and influential people on earth spend an average of 34 minutes daily on ùïè",2024-06-17T07:20:08.000Z
"More than 6.4 million Spaces have been created on ùïè this year.

Every business or brand should utilize ùïè Spaces to interact with their audience in real-time.",2024-06-17T13:03:16.000Z
Big improvements to advertising,2024-06-17T14:42:32.000Z
Starlink helps fund humanity getting to Mars,2024-06-17T00:00:01.000Z
"Happy #FathersDay! This image was taken by our Galileo spacecraft, named for a father of modern astronomy, Galileo Galilei. It was the first mission to measure Jupiter's atmosphere directly with a probe and the first to observe of the Jovian system from orbit.",2024-06-16T15:45:00.000Z
lol ,2024-06-16T18:35:06.000Z
Video continues to increase fast,2024-06-16T18:14:07.000Z
Wow!,2024-06-16T17:52:00.000Z
Shows this to all who claim BEVs are not growing or renewables are not the solution.,2024-06-16T08:06:14.000Z
!!,2024-06-15T16:33:41.000Z
Hmm,2024-06-15T16:06:43.000Z
"In 2023, our customers avoided releasing over 20 million metric tons of CO2e into the Earth‚Äôs atmosphere by using our products",2024-06-13T21:27:00.000Z
"Wise words from a recent interview with 
@geoffreyhinton
, one of the smartest people in the world regarding AI",2024-06-15T13:54:08.000Z
"Elon on Robotaxi‚Äôs: ‚ÄúIt‚Äôs simply a matter of time. Admittedly I‚Äôm a little optimistic sometimes. I don‚Äôt have a complete lack of self awareness. But if I wasn‚Äôt optimistic, this wouldn‚Äôt exist. This factory wouldn‚Äôt exist.‚Äù",2024-06-13T21:22:11.000Z
"ELON: TESLA OWNERS WILL BE ABLE TURN CARS INTO ROBOTAXIS

""Monetizing the autonomous fleet is like Airbnb and Uber.

Tesla will own some cars, but customers can add their cars to the fleet with a tap on the Tesla app, making money whenever they want.

You can add or remove your",2024-06-13T21:40:39.000Z
"Here's the full breakdown of Elon's presentation, including Q&A session, at the 2024 Tesla Shareholder Meeting earlier today.

INTRODUCTION

1:36 FSD improving exponentially
4:04 How robotaxi will work
7:08 Autonomy could add $5 trillion value
8:37 Optimus could add $20 trillion",2024-06-14T01:37:18.000Z
Sending this cake to Delaware as a parting gift ,2024-06-14T05:25:13.000Z
"Summarizing 
@elonmusk
's presentation under this post",2024-06-13T21:26:59.000Z
"HOT DAMN I LOVE YOU GUYS! 

‰∏Ä Elon Musk",2024-06-13T21:18:56.000Z
"It‚Äôs been almost 6 months since getting off hormonal birth control.
Half a year of no panic attacks 
Half a year of no mood swings
Half a year of no depression

This has changed my life and I wish I had researched what a negative impact it could have on my body, I thought so much",2024-06-13T19:53:40.000Z
Tesla annual meeting in 25 mins!,2024-06-13T20:05:20.000Z
"ùïè is now TAG Brand Safety Certified. This platform has deployed every single brand control the marketplace has requested over the past 12 months.

The advertisers are seeing results. Not just from ùïè‚Äôs data, but also by third-party measurement partners, Integral Ad Sciences &",2024-06-13T16:15:43.000Z
Refs to players ratio needs to be sensible,2024-06-13T15:21:01.000Z
"Fun Mode Grok Stories are now available for X Premium Users.

Here's how to enable it:",2024-06-13T02:31:32.000Z
"ELON: LARGE PROJECTS ARE BASICALLY ILLEGAL IN THE WEST

""You know, in the West, I think we have created regulatory gridlock where just almost everything is illegal. 

This is why they can't build a high speed rail in California. 

They spent $7 billion and there's 1600 ft",2024-06-12T22:17:12.000Z
"Both Tesla shareholder resolutions are currently passing by wide margins!

 Thanks for your support!! ",2024-06-13T02:50:48.000Z
Massive increase in likes after they were made private!,2024-06-13T00:14:57.000Z
"600 MWh of Megapacks will soon be co-located with wind at 
@Orsted
's Horsea 3 Wind Farm",2024-06-12T15:57:48.000Z
"Starship is the most power flying object ever created. 

Currently over twice the thrust of Saturn V and, with future upgrades, three times the thrust (10,000 tons of force).",2024-06-12T16:13:25.000Z
It was disrespectful & unkind of The New York Times to say that about the tribe,2024-06-12T15:33:40.000Z
"Extremely challenging, but achievable",2024-06-12T15:13:15.000Z
"Most users are on ùïè because it‚Äôs entertaining, but majorities also use it for politics, news.",2024-06-12T15:02:34.000Z
Yeah,2024-06-12T05:17:46.000Z
Starlink now available in 100 countries!,2024-06-12T04:58:42.000Z
"ùïè will make likes private this week.

‚Äì You will still be able to see posts you have liked (but others cannot).

‚Äì Like count and other metrics for your own posts will still show up under notifications.

‚Äì You will no longer see who liked someone else‚Äôs post.

‚Äì A post‚Äôs author",2024-06-11T21:02:47.000Z
"Rundown of what we have achieved since 2018 ‚Äì under 
@elonmusk
's leadership
‚Äì
2018
‚Äì Hit 5k Model 3/week
‚Äì Model 3 becomes best-selling EV in the US
‚Äì Giga Nevada reached annual battery production rate of 20 GWh
‚Äì Launched Navigate on Autopilot
‚Äì Model 3 becomes the best-selling",2024-06-11T19:33:33.000Z
Cool :),2024-06-11T18:58:51.000Z
Important to allow people to like posts without getting attacked for doing so!,2024-06-11T18:51:49.000Z
Trying to debate with trolls on X,2024-06-11T10:14:43.000Z
Elon Musk's warning against ChatGPT: An AI trained to lie is extremely dangerous.,2024-06-10T21:33:48.000Z
Here‚Äôs the problem with ‚Äúagreeing‚Äù to share your data: nobody actually reads the terms & conditions,2024-06-10T21:43:20.000Z
Now imagine if an AI trained in this way grows in power immensely,2024-06-10T21:09:36.000Z
"It‚Äôs patently absurd that Apple isn‚Äôt smart enough to make their own AI, yet is somehow capable of ensuring that OpenAI will protect your security & privacy!

Apple has no clue what‚Äôs actually going on once they hand your data over to OpenAI. They‚Äôre selling you down the river.",2024-06-10T21:02:30.000Z
"And visitors will have to check their Apple devices at the door, where they will be stored in a Faraday cage",2024-06-10T20:37:01.000Z
How time flies,2024-06-10T11:04:29.000Z
Testing X Streaming & Starlink,2024-06-09T22:43:11.000Z
Stream on ùïè!,2024-06-10T05:06:16.000Z
My dream is to reach Uranus ,2024-06-10T04:48:14.000Z
"Thanks Milan!

You‚Äôve built the Optimus team from nothing to the most sophisticated humanoid robot in the world.",2024-06-09T20:31:09.000Z
"Thanks Ashok! 

Ashok was the first person to join the Tesla AI/Autopilot team and ultimately rose to lead all AI/Autopilot software. 

Without him and our awesome team, we would just be another car company looking for an autonomy supplier that doesn‚Äôt exist. 

Btw, I never",2024-06-09T03:52:38.000Z
"Publish full-length, complex articles on ùïè!",2024-06-09T03:26:19.000Z
"Sorry it‚Äôs taken so long to make it happen, but we‚Äôre super close now",2024-06-09T03:13:33.000Z
"Please take a moment to vote your Tesla shares before the annual meeting on Thursday. 

Lmk in comments if you encounter any issues.",2024-06-09T00:24:34.000Z
Ship it,2024-06-08T19:35:37.000Z
ùïè is the global news,2024-06-08T18:15:57.000Z
"Starship booster makes soft landing in water, next landing will be caught by the tower arms",2024-06-08T17:43:20.000Z
"Share this with your friends who still believe the legacy media news.

ùïè is the #1 news app in the US (AppStore)",2024-06-08T12:26:40.000Z
300,2024-06-08T03:25:09.000Z
If you want a detailed explanation of why I switched Starship from carbon fiber to stainless steel,2024-06-07T04:39:16.000Z
Not a difficult prediction! We will have this nailed for next flight.,2024-06-06T22:35:29.000Z
Starship weighs 5000 tons on liftoff,2024-06-06T22:05:05.000Z
Starship reentering like a meteor,2024-06-06T22:01:12.000Z
Congrats 4680 Cell Manufacturing team on building their 50 millionth battery cell at Giga Texas!,2024-06-05T21:48:36.000Z
"Starship made a controlled reentry, successfully making it through the phases of peak heating and max aerodynamic pressure and demonstrating the ability to control the vehicle using its flaps while descending through the atmosphere at hypersonic speeds",2024-06-06T19:01:00.000Z
"Starship‚Äôs fourth flight test launched with ambitious goals, attempting to go farther than any previous test before and begin demonstrating capabilities central to return and reuse of Starship and Super Heavy. 

The payload for this test was the data.

Starship delivered ‚Üí",2024-06-06T18:50:24.000Z
"Pour one out! 

Tesla Mezcal now available in the US ‚Üí http://teslamezcal.tesla.com",2024-06-06T18:03:56.000Z
"Today was a great day for humanity‚Äôs future as a spacefaring civilization!

Nothing unites us more than working together towards inspiring objectives.",2024-06-06T20:49:56.000Z
Accurate ,2024-06-06T15:56:42.000Z
"Why is Starship made of stainless steel? This article from 5 years ago explains the reasons.

Worth noting that the ship would have failed on reentry if made of aluminum or carbon fiber, as they can‚Äôt take the heat.",2024-06-06T15:52:32.000Z
Flight 4 liftoff from Starbase,2024-06-06T15:03:25.000Z
Liftoff of Starship!,2024-06-06T12:51:16.000Z
Hot stage jettison,2024-06-06T12:55:40.000Z
Super Heavy has splashed down in the Gulf of Mexico,2024-06-06T13:00:27.000Z
We do actually have acquisition signal. 11 internal cameras are transmitting. Figuring out why external cameras aren‚Äôt.,2024-06-06T12:49:13.000Z
Launch tmrw morning at 7:20 Texas time,2024-06-06T03:24:50.000Z
"Yeah, 
@Jack
 is right",2024-06-05T23:56:30.000Z
How to vote your Tesla shares,2024-06-05T23:17:07.000Z
Streaming live exclusively on this platform!,2024-06-05T23:14:46.000Z
Ron Baron is awesome,2024-06-05T22:46:23.000Z
"ESG is a corrupted lie. 

It needs to end.",2024-06-05T17:09:04.000Z
"To everyone outside of the US who could not vote, there is a last minute solution, but you need to act NOW.

Listen here, instructions below.

Please share this to everyone.

#VotedTesla24",2024-06-05T15:22:20.000Z
"Starliner to the stars! 

At 10:52am ET, 
@BoeingSpace
 #Starliner lifted off on a 
@ULALaunch
 Atlas V for the first time with 
@NASA_Astronauts
 aboard. This Crew Flight Test aims to certify the spacecraft for routine space travel to and from the 
@Space_Station
.",2024-06-05T15:00:02.000Z
Congratulations on a successful launch!,2024-06-05T15:10:32.000Z
"I‚Äôm glad the government of Japan recognizes the importance of this matter.

If radical action isn‚Äôt taken, Japan (and many other countries) will disappear!",2024-06-05T14:26:47.000Z
Thanks Ron!,2024-06-05T14:08:05.000Z
F-22 Raptor Aerial Demonstration Team chasing a SpaceX Falcon 9 Rocket carrying a US Space Force payload.,2024-06-04T16:06:48.000Z
"Livestream of the first 
@BoeingSpace
 Starliner to 
@Space_Station
. Wishing them best of luck!",2024-06-05T12:58:35.000Z
We should update how we dress for the future!,2024-06-05T05:27:36.000Z
".
@elonmusk
 left Instagram because he started taking too many selfies 

""What the hell is wrong with me?""",2024-06-05T04:33:25.000Z
"Baron Capital CEO Ron Baron will appear on 
@SquawkCNBC
 tomorrow, June 5 at 7:30 a.m. ET. Please tune in!",2024-06-04T16:52:53.000Z
Somewhere between singing & improv,2024-06-05T05:06:09.000Z
"Falcon 9 launches 20 
@Starlink
 satellites ‚Äì including 13 with Direct to Cell capabilities ‚Äì to orbit from Florida, completing this booster‚Äôs 20th launch and landing",2024-06-05T03:42:55.000Z
"Today, 14 years ago, SpaceX successfully launched the Falcon 9 for the first time (June 4, 2010)",2024-06-04T14:35:25.000Z
Median latency for Starlink Internet in the US will get below 20ms,2024-06-03T19:47:55.000Z
Tesla went public at $1.5B valuation 14 years ago. Valuation today is over $500B.,2024-06-03T16:03:10.000Z
"English has been a de facto open source language that has actively sought to include words from other languages for half a millennium
https://podcasts.apple.com/us/podcast/the-history-of-english-podcast/id538608536‚Ä¶ https://podcasts.apple.com/us/podcast/the-history-of-english-podcast/id538608536‚Ä¶",2024-06-03T15:31:49.000Z
Yup,2024-06-03T13:31:33.000Z
Starship is ready to fly,2024-06-03T05:24:04.000Z
The tote bag,2024-06-02T22:21:01.000Z
I love monuments to hubris,2024-06-02T15:17:00.000Z
"Starlink just achieved a new internal median latency record of 28ms yesterday!

Great work by the engineering and operations teams.",2024-06-02T15:00:55.000Z
Not much has changed https://x.com/kevinnbass/sta/kevinnbass/status/1797126632714772759‚Ä¶,2024-06-02T07:53:23.000Z
"Starship Flight 4, with many improvements, aiming to launch on Thursday!

The main goal of this mission is to get much deeper into the atmosphere during reentry, ideally through max heating.",2024-06-02T01:02:48.000Z
Landing burn and touchdown of Falcon 9 on the A Shortfall of Gravitas droneship,2024-06-01T02:46:32.000Z
"One more for the month of May, liftoff of Falcon 9",2024-06-01T02:38:37.000Z
Hard to view this as anything other than abuse of the law for political purposes,2024-06-01T00:01:13.000Z
This will be interesting,2024-05-31T16:26:50.000Z
Great book,2024-05-31T15:57:25.000Z
"Every day, our Semi fleet transports battery packs from Giga Nevada to supply our Fremont factory",2024-05-30T18:48:50.000Z
"Today marks the fourth anniversary of Falcon 9 launching 
@NASA
‚Äôs Demo-2 mission to the 
@space_station
, returning human spaceflight to the United States",2024-05-30T18:22:26.000Z
"Indeed, great damage was done today to the public‚Äôs faith in the American legal system.

If a former President can be criminally convicted over such a trivial matter ‚Äì motivated by politics, rather than justice ‚Äì then anyone is at risk of a similar fate.",2024-05-31T07:16:39.000Z
Why is making life multiplanetary important?,2024-05-30T16:31:26.000Z
"Prop C, while certainly well-intentioned, has actually amplified the homeless problem and forced businesses that operate on very slim margins, like payments companies, to leave the city or go bankrupt. 

It must be repealed.",2024-05-30T16:12:31.000Z
"Qatar Airways raises in-flight experience to new heights!

We are proud to be the largest global airline and the first in the MENA region to collaborate with 
@SpaceX
 @Starlink
 

This complimentary, ground-breaking service will enhance our passengers' onboard experience with",2024-05-29T13:34:27.000Z
Embrace cringe,2024-05-30T05:29:00.000Z
"Starship and Super Heavy loaded with more than 10 million pounds of propellant in a rehearsal ahead of Flight 4. Launch is targeted as early as June 5, pending regulatory approval",2024-05-29T15:32:19.000Z
Starlink provides Internet connectivity in the air that is often better than being on the ground!,2024-05-29T14:00:52.000Z
No kidding,2024-05-29T13:30:07.000Z
Cool ,2024-05-29T12:44:13.000Z
"Clear skies as Falcon 9‚Äôs first stage lands on the A Shortfall of Gravitas droneship, completing our 350th launch!",2024-05-28T14:33:32.000Z
"NEWS: Tesla says you can win a tour of Tesla's Giga Texas factory with Elon Musk and Franz von Holzhausen if you vote your shares in the upcoming annual shareholder meeting.

""Tour the Cybertruck and Model Y manufacturing lines with Elon Musk and other Tesla executives with a",2024-05-28T13:58:48.000Z
"Uploading your videos to ùïè massively increases viewership, as the algorithm is optimizing for total user-seconds",2024-05-28T15:07:14.000Z
"BREAKING: Meta is using your Instagram and Facebook photos to train their AI.

Meta‚Äôs Chief Product Officer confirmed that they use publicly available photos on their platform for training purposes.",2024-05-27T20:18:38.000Z
xAI is pleased to announce..,2024-05-27T05:27:15.000Z
"From 100,000 miles away  

This Apollo 10 image of Earth was taken 55 years ago in 1969.",2024-05-24T16:55:02.000Z
"Anything that potentially challenges the Standard Model is a very interesting experiment. 

Wild that Germanium-76 takes 100 trillion times the age of the universe to decay, yet it is observable in a year in you have ~1 ton of it!",2024-05-26T05:43:34.000Z
"The goal of citizenship for all illegals is very clearly stated by the leader of the Senate.

For some reason, a lot of people still think this is some crazy conspiracy theory!",2024-05-25T15:39:14.000Z
"WhatsApp exports your user data every night. 

Some people still think it is secure.",2024-05-25T01:15:46.000Z
"Starship is designed to fundamentally alter humanity‚Äôs access to space, ultimately enabling us to make life multiplanetary. The third flight test of Starship and Super Heavy was an important step on the road to rapidly reliable reusable rockets.

http://spacex.com/updates/#flight-3-report‚Ä¶",2024-05-24T13:33:51.000Z
Great show!,2024-05-25T00:19:20.000Z
Improvements to Communities,2024-05-24T23:26:12.000Z
"The Boring Company connects another hotel in Vegas!

Within a few years, you will be able to get to all major destinations in the city super fast with electric cars in tunnels. 

No need to imagine, you can try it today between Resorts World and the Convention Center!",2024-05-24T23:06:17.000Z
Tesla Megapack batteries are great for buffering energy at scale!,2024-05-24T22:55:51.000Z
"ùïè Creators,

The revenue you generate depends on the number of verified ad impressions you receive.

I recommend encouraging your audience to get verified.",2024-05-24T22:27:43.000Z
"Instagram - sad generation with happy pictures
ùïè - real people, real thoughts in real-time",2024-05-24T16:10:36.000Z
"OG Doge has ascended to heaven to be with his friend Harambe

(
@Not_the_Bee
)",2024-05-24T15:06:23.000Z
" ELON: STARLINK WILL COMPLETE THE GOAL OF A CONNECTED WORLD

""SpaceX is very focused on the Starlink constellation for internet connectivity.

It's bringing internet connectivity to places which don't have it, or where it's very expensive.

It's a tremendous enabler of",2024-05-24T10:58:04.000Z
Flight 4 in about 10 days,2024-05-24T03:07:58.000Z
Rocket gymnastics,2024-05-23T21:38:34.000Z
Yeah!,2024-05-23T20:57:09.000Z
"A lot of social media is bad for kids, as there is extreme competition between social media AIs to maximize dopamine!",2024-05-23T16:47:21.000Z
Trust the collective wisdom of the people,2024-05-23T15:36:19.000Z
People will die if doctors misdiagnose patients,2024-05-23T15:23:33.000Z
Activists should be removed as judges,2024-05-23T07:47:44.000Z
"ELON:  COMMUNITY NOTES WILL MAKE X THE MOST TRUSTED PLACE ON THE INTERNET

‚ÄúThey have corrected me, they have corrected heads of states, multiple times‚Ä¶‚Äù

Source: April, 2023",2024-05-23T06:53:12.000Z
Is suspect this thought has gone through many men‚Äôs minds recently ,2024-05-23T06:53:47.000Z
Community Notes now translated,2024-05-23T06:36:01.000Z
"Thanks Jensen! 
@nvidia",2024-05-23T06:28:18.000Z
"Interesting visit to 
@LosAlamosNatLab
 today. Discussed a lot of science ",2024-05-23T01:51:27.000Z
This would be much appreciated!,2024-05-23T01:43:33.000Z
"First video call on 
@X
 completed through 
@Starlink
 Direct to Cell satellites from unmodified mobile phones!

We‚Äôre excited to go live with 
@TMobile
 later this year ",2024-05-21T18:12:38.000Z
Teamwork can solve anything,2024-05-21T16:21:39.000Z
Easy to order online in 2 minutes at http://Starlink.com. No long-term contract required.,2024-05-21T04:46:26.000Z
"Starlink is connecting more than 3M people with high-speed internet across nearly 100 countries, territories and many other markets.

Thank you to all of our customers around the world!  ‚Üí http://stories.starlink.com",2024-05-20T22:06:48.000Z
"CNBC's Squawk Box discussed Elon Musk's Tesla compensation package when it was first announced in January 2018:
@RayDalio
: ""I think it's fabulous. The man is Tesla. I mean, it's his dream. He built the dream... The question is, what are his incentives? ...I think it ties them",2024-05-21T00:58:07.000Z
This is the quality of humor we want from Grok,2024-05-20T23:22:25.000Z
"This is a Black Mirror episode. 

Definitely turning this ‚Äúfeature‚Äù off.",2024-05-20T22:56:47.000Z
"SpaceX might exceed 90% of all Earth payload to orbit later this year. 

Once Starship is launching at high rate, probably >99%. Has to be or we can‚Äôt build a city on Mars or base on moon.

We file almost no patents, so nothing stopping competition from copying us.",2024-05-20T22:49:32.000Z
But why does this boycott continue?,2024-05-20T20:31:16.000Z
"In sharp contrast, ùïè supports child safety bills",2024-05-20T20:17:36.000Z
The New Woke Times is truly unreadable,2024-05-20T20:09:22.000Z
Stream on ùïè,2024-05-20T19:30:42.000Z
"Starship Flight 4 in about 2 weeks.

Primary goal is getting through max reentry heating. 

Worth noting that no one has ever succeeded in creating a fully reusable heat shield. Shuttle required >6 months of rework.",2024-05-20T18:51:07.000Z
"Please enjoy 
@bhorowitz
 and me on the American Dream! 

2:28 Home ownership, education and healthcare
5:43 Self-actualization
7:57 Impact of the Industrial Revolution
9:21 Culture
10:02 The Promised Land 
15:52 Anybody can become American
20:24 Protestant work ethic
27:40",2024-05-20T17:45:36.000Z
"‚ÄúI would encourage everyone in a room to look at the cost of solar power has dropped dramatically over the years. The cost of solar power today is extremely low. The cost of batteries to store the energy has also dropped dramatically.‚Äù

‚Äî Elon Musk",2024-05-20T04:24:48.000Z
"Elon Musk Reveals Plan to Solve World's Water.

Here's an edit of 
@elonmusk
's recent speech at the 10th World Water Forum. This version removes pauses & dead space, saving time by 40%.

Thanks 
@DavidCarbutt_
 for the edit!",2024-05-20T13:42:44.000Z
The Tesla team put this together of their own volition (I did not ask for it). Thanks!,2024-05-20T15:04:11.000Z
"Thanks 
@AvanzaBank
!",2024-05-20T15:01:37.000Z
"If you're a website admin and still using the old Ó®Ä icon, please update it to ùïè.",2024-05-20T12:56:35.000Z
"Pretty much every sane person right now.

cc: 
@elonmusk",2024-05-20T12:13:20.000Z
Starlink now available in 99 countries,2024-05-20T12:44:21.000Z
Starlink is now available in Fiji! ,2024-05-20T03:54:30.000Z
Very much worth listening to the Tides of History podcast!,2024-05-19T22:29:12.000Z
Bringing connectivity to remote communities radically improves access to education and economic opportunities,2024-05-19T21:42:35.000Z
Starlink will help a lot of people throughout the world,2024-05-19T09:44:03.000Z
This is concerning. Tesla will reach out to these banks/brokers. Shareholders have the right to vote their shares!,2024-05-19T06:11:41.000Z
Stream your gameplay on ùïè!,2024-05-19T01:24:28.000Z
There are no coincidences,2024-05-18T18:02:57.000Z
Please let us know if you have any difficulties voting your Tesla stock,2024-05-18T15:53:47.000Z
"How to Grok?

‰∏Ä Post Conversation 
‰∏Ä Copy Response Text 
‰∏Ä Share Chat 
‰∏Ä Rate Response 
‰∏Ä Chat History 
‰∏Ä Switch Modes 
‰∏Ä New Chat",2024-05-17T23:18:07.000Z
Yes,2024-05-18T06:11:10.000Z
"Grok upgrades. 

Also, you will soon be able to see a humorous take on the news from Grok if you chose ‚ÄúFun Mode‚Äù.",2024-05-18T05:48:22.000Z
Liftoff!,2024-05-18T00:32:54.000Z
Congrats Tesla Fremont team!,2024-05-18T05:02:12.000Z
Great example of companies posting updates as ùïè Articles,2024-05-18T04:59:26.000Z
Ice cream is an amazing invention,2024-05-18T04:35:27.000Z
"Falcon 9 completes the first 21st launch and landing of a booster and delivers 23 
@Starlink
 satellites to low-Earth orbit from Florida",2024-05-18T01:53:39.000Z
"Is this accurate? 
@CommunityNotes",2024-05-18T03:29:45.000Z
Sigh,2024-05-18T03:27:04.000Z
I‚Äôm looking forward to this ,2024-05-18T03:23:41.000Z
Falcon going to orbit as seen from ocean,2024-05-18T01:07:30.000Z
Prosecute/Fauci,2024-05-17T14:44:57.000Z
"Major improvements on For you today! Let us know your feedback over the next couple of days, is it getting better or worse?

For those interested: we are eliminating several major heuristics as we move toward realtime end-to-end neural network based recommendations.",2024-05-17T04:57:43.000Z
All core systems are now on http://X.com,2024-05-17T06:14:14.000Z
"Neuralink is accepting applications for the second participant. 

This is our Telepathy cybernetic brain implant  that allows you to control your phone and computer just by thinking.

No one better than Noland (
@ModdedQuad
) himself to tell you about the first!",2024-05-17T04:58:53.000Z
Thank you,2024-05-16T11:54:45.000Z
Giga Berlin setting records for sustainability,2024-05-16T09:37:31.000Z
Grok now available in Europe,2024-05-16T09:20:06.000Z
Thanks to all Tesla vote supporters!,2024-05-16T09:00:53.000Z
19 years ago,2024-05-16T08:51:52.000Z
Stacking Starship,2024-05-16T05:30:23.000Z
Interesting podcast!,2024-05-16T01:26:27.000Z
"FSD Supervised can help protect not just the occupants of the vehicle, but also others sharing the road",2024-05-15T13:26:40.000Z
"Congrats 
@SpaceX
 Falcon team on 50 successful missions already this year!

Highest flight rate of any rocket ever.",2024-05-15T13:26:11.000Z
Reuters new logo is ,2024-05-15T06:27:03.000Z
You can also support this platform by sharing ùïè.com links with your friends.,2024-05-14T14:03:01.000Z
SpaceX‚Äôs mission is to extend consciousness to Mars and then the stars,2024-05-13T20:35:26.000Z
"This efficiency is NUTTY 

Currently projecting ~365miles of range at highway speed (75mph). Destination is +100ft elevation from departing location.

The 2024 Model 3 Long Range is a roadtripping beast!
@Tesla",2024-05-07T03:32:16.000Z
"Falcon 9 launches 23 
@Starlink
 satellites to low-Earth orbit from Florida",2024-05-13T02:08:20.000Z
Someone should tell Johnny McEntee to start posting on ùïè ,2024-05-12T19:04:24.000Z
"Have you seen the aurora this weekend?

Follow 
@NASASun
 to learn more about how it happens‚Äîand keep an eye on 
@NOAA
 (and 
@NWSSWPC
) for the latest aurora updates. We'd love to see your favorite photos from the aurora, too!",2024-05-12T18:58:44.000Z
 Happy Mother‚Äôs Day ,2024-05-12T15:19:42.000Z
How the Federal Reserve works,2024-05-11T20:37:26.000Z
You really feel that bass,2024-05-11T20:33:25.000Z
"The U.S. government has issued its first severe geomagnetic storm watch in nearly two decades, highlighting the risk from multiple earth-directed coronal mass ejections and extensive sunspots.",2024-05-11T17:11:29.000Z
‚ÄúYou will use dongles and you will be happy‚Äù,2024-05-11T19:18:22.000Z
Starships preparing for spaceflight,2024-05-11T18:44:39.000Z
"Just a reminder:

On ùïè, the average cost per ad click is only $0.38, lowest as compared to other platforms.",2024-05-11T06:58:37.000Z
Only ùïè resisted censoring your voice,2024-05-11T06:44:06.000Z
"I took my first road trip in my Tesla using FSD v12.3.6.

My car drove me 366 miles with 0 disengagements.

I can confidently say FSD is the best technology I‚Äôve ever experienced.

$TSLA",2024-05-11T01:25:29.000Z
"Major geomagnetic solar storm happening right now. Biggest in a long time. Starlink satellites are under a lot of pressure, but holding up so far.",2024-05-11T06:01:14.000Z
"Mr. Musk
@elonmusk
 

It's much much worse than you have been informed: plans to shackle Canadians electronically if accusers fear a ""hate crime"" might (might) be committed. 

It's the most Orwellian piece of legislation ever promoted in the West:",2024-05-07T22:51:23.000Z
I doubt that the people of Australia agree with suppressing their rights,2024-05-10T21:06:03.000Z
"Please enjoy 
@bhorowitz
 and me answering questions on the current state of AI!

01:14 How AI startups can compete with the bigger players
05:57 Will the ""God models"" get 100x better?
09:19 Counter argument: Are the tests too simple?
10:14 Internet data represents average human",2024-05-10T18:59:03.000Z
Concerning,2024-05-10T18:16:04.000Z
"I love X Communities because they provide a much bigger chance for great content from small accounts to be featured and allow continuous discussions on specific topics.

If you post into the relevant Communities of same interests, your post will be immediately judged by all",2024-05-10T12:19:38.000Z
"Neuralink's First Patient Reveals Astonishing Results.

Here's an edit of 
@ModdedQuad
 first livestream explaining in detail how his Neuralink chip works and how it has changed his life.
@elonmusk
 @chapman_bliss",2024-05-10T13:00:02.000Z
"Falcon 9 launches 20 
@Starlink
 satellites ‚Äì including 13 with Direct to Cell capabilities ‚Äì completing the 75th launch from pad 4E in California ‚Üí http://starlink.com/business/direct-to-cell‚Ä¶",2024-05-10T05:56:34.000Z
"New Tesla Supercharger: IOI City Mall Putrajaya, Malaysia (4 stalls) 
https://tesla.com/findus?location=412673‚Ä¶",2024-05-10T01:48:07.000Z
"Our 75th launch from Vandenberg, California",2024-05-10T07:37:55.000Z
"What Earthlooks like in radio frequency from the ‚Å¶
@Starlink
‚Å© direct to phone satellites",2024-05-10T07:07:31.000Z
"Watch Falcon 9 launch 20 
@Starlink
 satellites to orbit from California, including 13 with Direct to Cell capabilities",2024-05-10T04:23:52.000Z
" Coming soon: AI Audiences 

Briefly describe the target audience for your ads and our AI systems will generate a pool of the most relevant X users to target in seconds.",2024-05-09T21:57:49.000Z
You can upload 4hr long videos on this platform. ,2024-05-09T23:14:04.000Z
"Please hear me out for instructions on how to vote and what to do thereafter, to help maximize participation in Tesla's Annual Shareholder votes.
Thank you so much!",2024-05-09T16:57:01.000Z
This illustrates just how much the legacy media lies to the public!,2024-05-09T20:45:18.000Z
"When we started 
@CommunityNotes
, all the concept testing showed people across the political spectrum wanted it. But could we build it? Would it work?

Half a million contributors later, four new unaffiliated/external research studies + large scale stats show how effective it is.",2024-05-09T17:25:31.000Z
"Given the terrible flooding in Rio Grande do Sul, 
@Starlink
 will donate 1000 terminals to emergency responders and make usage for all terminals in the region free until the region has recovered.

I hope the best for the people of Brazil.",2024-05-09T13:38:42.000Z
"60MW / 160MWh of Tesla Megapacks at 
@GridStorLLC
's site in Goleta, CA are now Santa Barbara County's largest power resource, surpassing the local peaker plant

This battery storage system bolsters grid reliability for the region and supports California's transition to renewables",2024-05-08T22:18:30.000Z
Photos from today‚Äôs Starship static fire,2024-05-08T20:50:44.000Z
This is real,2024-05-09T05:36:30.000Z
"If your company is hiring, consider signing up as a Verified Organization on ùïè. You can then list your job openings directly on your profile.

PS: Neuralink is hiring ",2024-05-09T02:06:33.000Z
Americans' trust in media over the years:,2024-05-08T17:53:07.000Z
"View of yesterday‚Äôs 
@Starlink
 deploy during an orbital sunrise",2024-05-07T22:45:46.000Z
"ùïè is the #1 news app on the AppStore in Argentina, leading both the free and grossing categories. ",2024-05-07T14:05:21.000Z
"At the risk of sounding elitist, I prefer IHOP",2024-05-07T18:37:29.000Z
"This sounds insane if accurate!
@CommunityNotes
, please check",2024-05-07T18:21:01.000Z
"Why it is so important for 
@xAI
‚Äôs 
@Grok
 to succeed. This is a much bigger deal than it may seem.",2024-05-07T18:13:03.000Z
"Act on press

This is a UI design hill I will die on, and it dismays me how often and hard I have had to fight for it.

Almost all interaction methods have a ‚Äúpress‚Äù and ‚Äúrelease‚Äù event associated with them. Whenever possible, you should ‚Äúdo the thing‚Äù when you get the press",2024-05-07T14:20:44.000Z
"Accurate analysis. 

Only about 1/10,000 of distance driven is useful for training. 

The limiting factor for FSD progress was AI training compute, but now it is validation, as the interventions are so rare.",2024-05-07T08:55:05.000Z
" ELON: CIVILIZATIONAL RISKS KEEP ME UP AT NIGHT, BUT KIDS KEEP ME GOING

""Kids give me joy. I probably get the most joy from my kids. I'm not saying that's the reason you should have kids because you should have them anyway, but they're the greatest source of joy in my life.",2024-05-07T08:35:30.000Z
Every school in the world should adopt this method of teaching!,2024-05-07T08:08:13.000Z
"""The birth rate is dropping, which leads to a civilization that dies not with a bang, but with a whimper in adult diapers.

One of the things that is overlooked by most historians is the role of low birth rate in the decline of civilizations. Prosperity destroys the birth rate.""",2024-05-07T02:12:59.000Z
This was Optimus not long ago,2024-05-07T07:33:11.000Z
"No humans, no humanity",2024-05-07T07:04:07.000Z
Good breakdown of the discussion,2024-05-07T05:59:15.000Z
"Watch LIVE: 
@MilkenInstitute
 Chairman Mike Milken in conversation with 
@elonmusk
 at #MIGlobal",2024-05-07T00:06:54.000Z
"""I'm in favor of greatly expediting legal immigration. But having a secure southern border so there's some vetting of who comes into the United States.""",2024-05-07T01:27:03.000Z
"""SpaceX has roughly 6000 satellites and not once have we had to maneuver around a UFO.

Civilization is rare. We should do everything possible to save it.""",2024-05-07T00:49:36.000Z
"""Laws and regulations are immortal. If year after year there are more laws and regulations passed, eventually everything will be illegal.""",2024-05-07T01:16:13.000Z
I recommend investing in Argentina,2024-05-07T01:23:30.000Z
"Streaming live from 
@MilkenInstitute
 in ~10 mins",2024-05-07T00:01:27.000Z
"Are you saying the fine was for repeating accurate government statistics? 

Was there anything inaccurate in what she said?",2024-05-06T21:14:45.000Z
$99/month,2024-05-06T16:14:00.000Z
Falcon 9‚Äôs first stage booster lands on the Just Read the Instructions droneship for recovery and refurbishment ahead of its 16th mission,2024-05-06T18:23:14.000Z
"Tesla FSD drove the entire way from underground garage to home after a Toronto FC game last night... (~50 minute drive). Check out the bold moments below! 

this is insane in a good way 
@elonmusk
 

0:05 underground parking escape success
0:34 Liberty Village night traffic
2:00",2024-05-06T01:43:12.000Z
"Users are spending an average of ~34 minutes per day on ùïè, a 13% year-over-year increase.",2024-05-05T17:24:23.000Z
Human scale vs Starship,2024-05-04T05:13:13.000Z
Trying to be useful lately!,2024-05-05T07:53:25.000Z
" If you are an election worker, organizer, or concerned citizen who has seen corruption in our elections firsthand, we want to hear your story. 

Those who report fraud or abuse are eligible for payment from our $5 million fund.",2024-05-04T15:33:24.000Z
Chat with the Polaris Dawn crew and SpaceX team today ~3:00 p.m. ET on Spaces ‚Üí https://x.com/i/spaces/1yqjd/i/spaces/1YqJDgBaOyNGV‚Ä¶,2024-05-04T14:25:27.000Z
"Thank you Elon Musk and SpaceX for creating Starlink. 

Even with obstructions (power lines) I have never seen internet this fast before. 
 
Best purchase I've ever made.",2024-05-04T20:11:02.000Z
Doesn‚Äôt make sense that American taxpayers are forced to fund anti-American activities,2024-05-04T19:22:30.000Z
Please take a moment to vote your Tesla shares and let us know if you encounter any issues with voting,2024-05-04T19:04:37.000Z
"Whether you agree with Bolsonaro or not, the people of Brazil have a right to hear him speak",2024-05-04T19:03:12.000Z
"Despite a massive bot purge, the ùïè platform reached another all-time high in usage this month!",2024-05-04T18:53:21.000Z
Always think about this with my little fluffy dog. My big dog does look like a wolf.,2024-05-04T16:07:45.000Z
Lil X turns 4 today on May 4th,2024-05-04T16:04:13.000Z
14 years ago,2024-05-04T15:19:55.000Z
The SpaceX Extravehicular Activity (EVA) suit ‚Üí http://spacex.com/updates #Maythe4thBeWithYou,2024-05-04T14:05:27.000Z
"After 2+ years, the 
@SpaceX
 EVA suit has been unveiled. We are thrilled to have contributed to the dev & testing and excited to wear them on Polaris Dawn for the first commercial EVA. A huge shoutout to the team working tirelessly on this! As we aim for the moon, Mars, and",2024-05-04T14:15:21.000Z
"Explore, Save and Share Real-time news stories curated by Grok.

Feature live now for ùïè Premium Subscribers (Web and iOS)",2024-05-04T06:05:24.000Z
"Please subscribe to ùïè 
@Premium
 to support this platform‚Äôs fight for Free Speech",2024-05-04T05:59:40.000Z
"X is proud to fund a lawsuit filed by Dr. Matthew Strauss, an Ontario critical care physician and professor, against his former employer, Queen's University.

After Dr. Strauss argued against wide COVID lockdowns and mandates on his X account, 
@strauss_matt
, Queen's University",2024-05-03T13:32:17.000Z
This should make a big difference in defeating deepfakes (and shallowfakes),2024-05-03T16:09:05.000Z
"New: 
@elonmusk
 emailed me about his plan for AI news on X. 

The idea is to use AI to blend breaking news and commentary, building real-time summaries of events. Then you can go deeper via chat on Grok.

Here's the full story! I'll be talking more about this on Big Technology",2024-05-03T16:54:46.000Z
This bill might have the opposite effect of its objective,2024-05-03T05:43:13.000Z
It will bring you good fortune,2024-05-03T03:50:54.000Z
Time for spring cleaning ,2024-05-03T03:35:53.000Z
This is wild!,2024-05-03T03:34:12.000Z
"Views of stage separation during the 
@Maxar
 1 mission",2024-05-03T02:43:21.000Z
"Absolutely!  I've been posting my content directly on 
@X
 and it has been amazing in terms of my increased reach.  Again, imagine if 
@elonmusk
 had not purchased this platform...",2024-05-02T18:09:23.000Z
"80% of users consume video on ùïè every day.

Bring your video content to this platform to reach a global audience.",2024-05-02T17:30:30.000Z
The Democratic National Convention this August has a good chance of outdoing 1968!,2024-05-02T17:16:59.000Z
"Posting long form text, audio & video content on ùïè will dramatically increase your reach!

Over half a billion active users are on this platform and they are the smartest and most influential audience on Earth.",2024-05-02T17:21:24.000Z
"I‚Äôm not saying they can‚Äôt come back, but they have to experience that country for some period of time before returning",2024-05-02T16:41:15.000Z
"This is Andrea Bocelli performing ‚ÄúCon Te Partiro‚Äù for the first time in 1995 at an Italian singing contest.

It almost never happened: Bocelli liked the song ‚Äî which was composed for him ‚Äî but didn‚Äôt think it was fit for the contest.

The 37-year old was half right. 

He got 4th",2023-06-12T03:32:29.000Z
"Tesla still plans to grow the Supercharger network, just at a slower pace for new locations and more focus on 100% uptime and expansion of existing locations",2024-04-30T20:32:06.000Z
".
@Cybertruck
 will be touring Europe & the Middle East for the next ~2 months   

All events & tour stops here ‚Üí https://tesla.com/en_GB/cyber-odyssey‚Ä¶

Additional dates will be announced throughout the tour ",2024-04-30T08:11:11.000Z
"Naturally, one of the nicest and most intelligent young women I met in Melbourne yesterday is from England, where they have banned puberty blockers after conducting the world‚Äôs most thorough review of all evidence.

Here is the fantastic 
@AnnaMcGovernUK
.",2024-04-28T20:39:15.000Z
"The 
@NFL
 and 
@X
 have renewed their content partnership which dates back to 2013, with a new multi-year agreement. X will continue to delight users with NFL in-progress game highlights including all touchdowns moments after they happen in the game. Under this multiyear deal",2024-04-29T18:29:41.000Z
Subscribing to support free speech is much appreciated,2024-04-30T02:25:04.000Z
You can now play videos on most TVs from your phone,2024-04-29T20:18:35.000Z
"Unfortunately, Meta/Facebook/Instagram is highly skilled at taking advertising credit for traffic that actually comes from our platform (sigh)",2024-04-29T19:47:21.000Z
"SpaceX currently has human spaceflight seats available for Earth Orbit missions in late 2024.

You book a flight to Space, get a custom SpaceX suit made for you and spend 3-6 days orbiting Earth. Citizens can also book a flight to the ISS

More info: https://spacex.com/humanspaceflight‚Ä¶",2024-04-29T18:33:25.000Z
Having babies is a ‚Äúright-wing plot‚Äù to save humanity from extinction ,2024-04-29T18:26:41.000Z
"The USA only has ~4% of Earth‚Äôs population. Just 1% of Earth moving to America would overwhelm essential medical and other services. 

It‚Äôs not sustainable. 

As always, I‚Äôm very much in favor of *legal* immigration. Anyone smart, hardworking and honest should be welcome here.",2024-04-29T18:16:29.000Z
"The results of the beta testing for the new optimized targeting feature in ùïè Ads are outstanding.

Try ùïè Ads today!",2024-04-29T17:53:07.000Z
I‚Äôm 6 feet 2 inches tall and I can go through my Cybertruck like a tunnel,2024-04-29T16:31:51.000Z
Big Cybertruck update,2024-04-29T16:35:05.000Z
"Falcon 9 takes flight from Florida, delivering 23 
@Starlink
 satellites to low-Earth orbit",2024-04-29T16:24:44.000Z
Liftoff and ascent of Falcon 9,2024-04-28T22:11:05.000Z
Landing burn and touchdown on the Just Read the Instructions droneship,2024-04-28T22:17:53.000Z
